business_term,xml_field_in_schema_cii,english_label,german_label
BT-10,/rsm:CrossIndustryInvoice/rsm:SupplyChainTradeTransaction/ram:ApplicableHeaderTradeAgreement/ram:BuyerReference,Buyer reference,Leitweg-ID
BT-44,/rsm:CrossIndustryInvoice/rsm:SupplyChainTradeTransaction/ram:ApplicableHeaderTradeAgreement/ram:BuyerTradeParty/ram:Name,Buyer name,Name
BT-50,/rsm:CrossIndustryInvoice/rsm:SupplyChainTradeTransaction/ram:ApplicableHeaderTradeAgreement/ram:BuyerTradeParty/ram:PostalTradeAddress/ram:LineOne,Buyer address line 1,Straße / Haus-Nr.
BT-51,/rsm:CrossIndustryInvoice/rsm:SupplyChainTradeTransaction/ram:ApplicableHeaderTradeAgreement/ram:BuyerTradeParty/ram:PostalTradeAddress/ram:LineTwo,Buyer address line 2,Postfach
BT-163,/rsm:CrossIndustryInvoice/rsm:SupplyChainTradeTransaction/ram:ApplicableHeaderTradeAgreement/ram:BuyerTradeParty/ram:PostalTradeAddress/ram:LineThree,Buyer address line 3,Adresszusatz
BT-53,/rsm:CrossIndustryInvoice/rsm:SupplyChainTradeTransaction/ram:ApplicableHeaderTradeAgreement/ram:BuyerTradeParty/ram:PostalTradeAddress/ram:PostcodeCode,Buyer post code,PLZ
BT-52,/rsm:CrossIndustryInvoice/rsm:SupplyChainTradeTransaction/ram:ApplicableHeaderTradeAgreement/ram:BuyerTradeParty/ram:PostalTradeAddress/ram:CityName,Buyer city,Ort
BT-54,/rsm:CrossIndustryInvoice/rsm:SupplyChainTradeTransaction/ram:ApplicableHeaderTradeAgreement/ram:BuyerTradeParty/ram:PostalTradeAddress/ram:CountrySubDivisionName,Buyer country subdivision,Bundesland
BT-55,/rsm:CrossIndustryInvoice/rsm:SupplyChainTradeTransaction/ram:ApplicableHeaderTradeAgreement/ram:BuyerTradeParty/ram:PostalTradeAddress/ram:CountryID,Buyer country code,Land
BT-46,/rsm:CrossIndustryInvoice/rsm:SupplyChainTradeTransaction/ram:ApplicableHeaderTradeAgreement/ram:BuyerTradeParty/ram:ID,Buyer identifier,Kennung / Kunden-Nr.
BT-46-scheme-id,,,Schema der Kennung
BT-56,/rsm:CrossIndustryInvoice/rsm:SupplyChainTradeTransaction/ram:ApplicableHeaderTradeAgreement/ram:BuyerTradeParty/ram:DefinedTradeContact/ram:PersonName,Buyer contact point,Name
BT-57,/rsm:CrossIndustryInvoice/rsm:SupplyChainTradeTransaction/ram:ApplicableHeaderTradeAgreement/ram:BuyerTradeParty/ram:DefinedTradeContact/ram:TelephoneUniversalCommunication/ram:CompleteNumber,Buyer contact telephone number,Telefon
BT-58,/rsm:CrossIndustryInvoice/rsm:SupplyChainTradeTransaction/ram:ApplicableHeaderTradeAgreement/ram:BuyerTradeParty/ram:DefinedTradeContact/ram:EmailURIUniversalCommunication/ram:URIID,Buyer contact email address,E-Mail-Adresse
BT-27,/rsm:CrossIndustryInvoice/rsm:SupplyChainTradeTransaction/ram:ApplicableHeaderTradeAgreement/ram:SellerTradeParty/ram:Name,Seller name,Firmenname
BT-35,/rsm:CrossIndustryInvoice/rsm:SupplyChainTradeTransaction/ram:ApplicableHeaderTradeAgreement/ram:SellerTradeParty/ram:PostalTradeAddress/ram:LineOne,Seller address line 1,Straße / Haus-Nr.
BT-36,/rsm:CrossIndustryInvoice/rsm:SupplyChainTradeTransaction/ram:ApplicableHeaderTradeAgreement/ram:SellerTradeParty/ram:PostalTradeAddress/ram:LineTwo,Seller address line 2,Postfach
BT-162,/rsm:CrossIndustryInvoice/rsm:SupplyChainTradeTransaction/ram:ApplicableHeaderTradeAgreement/ram:SellerTradeParty/ram:PostalTradeAddress/ram:LineThree,Seller address line 3,Adresszusatz
BT-38,/rsm:CrossIndustryInvoice/rsm:SupplyChainTradeTransaction/ram:ApplicableHeaderTradeAgreement/ram:SellerTradeParty/ram:PostalTradeAddress/ram:PostcodeCode,Seller post code,PLZ
BT-37,/rsm:CrossIndustryInvoice/rsm:SupplyChainTradeTransaction/ram:ApplicableHeaderTradeAgreement/ram:SellerTradeParty/ram:PostalTradeAddress/ram:CityName,Seller city,Ort
BT-39,/rsm:CrossIndustryInvoice/rsm:SupplyChainTradeTransaction/ram:ApplicableHeaderTradeAgreement/ram:SellerTradeParty/ram:PostalTradeAddress/ram:CountrySubDivisionName,Seller country subdivision,Bundesland
BT-40,/rsm:CrossIndustryInvoice/rsm:SupplyChainTradeTransaction/ram:ApplicableHeaderTradeAgreement/ram:SellerTradeParty/ram:PostalTradeAddress/ram:CountryID,Seller country code,Ländercode
BT-29,/rsm:CrossIndustryInvoice/rsm:SupplyChainTradeTransaction/ram:ApplicableHeaderTradeAgreement/ram:SellerTradeParty/ram:ID,Seller identifier,Kennung
BT-29-scheme-id,,,Schema der Kennung
BT-41,/rsm:CrossIndustryInvoice/rsm:SupplyChainTradeTransaction/ram:ApplicableHeaderTradeAgreement/ram:SellerTradeParty/ram:DefinedTradeContact/ram:PersonName,Seller contact point,Name
BT-42,/rsm:CrossIndustryInvoice/rsm:SupplyChainTradeTransaction/ram:ApplicableHeaderTradeAgreement/ram:SellerTradeParty/ram:DefinedTradeContact/ram:TelephoneUniversalCommunication/ram:CompleteNumber,Seller contact telephone number,Telefon
BT-43,/rsm:CrossIndustryInvoice/rsm:SupplyChainTradeTransaction/ram:ApplicableHeaderTradeAgreement/ram:SellerTradeParty/ram:DefinedTradeContact/ram:EmailURIUniversalCommunication/ram:URIID,Seller contact email address,E-Mail-Adresse
BT-1,/rsm:CrossIndustryInvoice/rsm:ExchangedDocument/ram:ID,Invoice number,Rechnungsnummer
BT-2,/rsm:CrossIndustryInvoice/rsm:ExchangedDocument/ram:IssueDateTime/udt:DateTimeString,Invoice issue date,Rechnungsdatum
BT-3,/rsm:CrossIndustryInvoice/rsm:ExchangedDocument/ram:TypeCode,Invoice type code,Rechnungsart
BT-5,/rsm:CrossIndustryInvoice/rsm:SupplyChainTradeTransaction/ram:ApplicableHeaderTradeSettlement/ram:InvoiceCurrencyCode,Invoice currency code,Währung
BT-73,/rsm:CrossIndustryInvoice/rsm:SupplyChainTradeTransaction/ram:ApplicableHeaderTradeSettlement/ram:BillingSpecifiedPeriod/ram:StartDateTime/udt:DateTimeString,Invoicing period start date,von
BT-74,/rsm:CrossIndustryInvoice/rsm:SupplyChainTradeTransaction/ram:ApplicableHeaderTradeSettlement/ram:BillingSpecifiedPeriod/ram:EndDateTime/udt:DateTimeString,Invoicing period end date,bis
BT-11,/rsm:CrossIndustryInvoice/rsm:SupplyChainTradeTransaction/ram:ApplicableHeaderTradeAgreement/ram:SpecifiedProcuringProject/ram:ID,Project reference,Projektnummer
BT-12,/rsm:CrossIndustryInvoice/rsm:SupplyChainTradeTransaction/ram:ApplicableHeaderTradeAgreement/ram:ContractReferencedDocument/ram:IssuerAssignedID,Contract reference,Vertragsnummer
BT-13,/rsm:CrossIndustryInvoice/rsm:SupplyChainTradeTransaction/ram:ApplicableHeaderTradeAgreement/ram:BuyerOrderReferencedDocument/ram:IssuerAssignedID,Purchase order reference,Bestellnummer
BT-14,/rsm:CrossIndustryInvoice/rsm:SupplyChainTradeTransaction/ram:ApplicableHeaderTradeAgreement/ram:SellerOrderReferencedDocument/ram:IssuerAssignedID,Sales order reference,Auftragsnummer
BT-25,/rsm:CrossIndustryInvoice/rsm:SupplyChainTradeTransaction/ram:ApplicableHeaderTradeSettlement/ram:InvoiceReferencedDocument/ram:IssuerAssignedID,Preceding Invoice reference,Rechnungsnummer: (vorausgeg. RE)
BT-26,/rsm:CrossIndustryInvoice/rsm:SupplyChainTradeTransaction/ram:ApplicableHeaderTradeSettlement/ram:InvoiceReferencedDocument/ram:FormattedIssueDateTime/qdt:DateTimeString,Preceding Invoice issue date,Rechnungsdatum: (vorausgeg. RE)
BT-106,/rsm:CrossIndustryInvoice/rsm:SupplyChainTradeTransaction/ram:ApplicableHeaderTradeSettlement/ram:SpecifiedTradeSettlementHeaderMonetarySummation/ram:LineTotalAmount,Sum of Invoice line net amount,Summe aller Positionen (netto)
BT-107,/rsm:CrossIndustryInvoice/rsm:SupplyChainTradeTransaction/ram:ApplicableHeaderTradeSettlement/ram:SpecifiedTradeSettlementHeaderMonetarySummation/ram:AllowanceTotalAmount,Sum of allowances on document level,Summe aller Nachlässe (netto)
BT-108,/rsm:CrossIndustryInvoice/rsm:SupplyChainTradeTransaction/ram:ApplicableHeaderTradeSettlement/ram:SpecifiedTradeSettlementHeaderMonetarySummation/ram:ChargeTotalAmount,Sum of charges on document level,Summe aller Zuschläge (netto)
BT-109,/rsm:CrossIndustryInvoice/rsm:SupplyChainTradeTransaction/ram:ApplicableHeaderTradeSettlement/ram:SpecifiedTradeSettlementHeaderMonetarySummation/ram:TaxBasisTotalAmount,Invoice total amount without VAT,Gesamtsumme (netto)
BT-110,/rsm:CrossIndustryInvoice/rsm:SupplyChainTradeTransaction/ram:ApplicableHeaderTradeSettlement/ram:SpecifiedTradeSettlementHeaderMonetarySummation/ram:TaxTotalAmount,Invoice total VAT amount,Summe Umsatzsteuer
BT-111,/rsm:CrossIndustryInvoice/rsm:SupplyChainTradeTransaction/ram:ApplicableHeaderTradeSettlement/ram:SpecifiedTradeSettlementHeaderMonetarySummation/ram:TaxTotalAmount,Invoice total VAT amount in accounting currency,Summe Umsatzsteuer in Abrechnungswährung
BT-112,/rsm:CrossIndustryInvoice/rsm:SupplyChainTradeTransaction/ram:ApplicableHeaderTradeSettlement/ram:SpecifiedTradeSettlementHeaderMonetarySummation/ram:GrandTotalAmount,Invoice total amount with VAT,Gesamtsumme (brutto)
BT-113,/rsm:CrossIndustryInvoice/rsm:SupplyChainTradeTransaction/ram:ApplicableHeaderTradeSettlement/ram:SpecifiedTradeSettlementHeaderMonetarySummation/ram:TotalPrepaidAmount,Paid amount,Gezahlter Betrag (brutto)
BT-114,/rsm:CrossIndustryInvoice/rsm:SupplyChainTradeTransaction/ram:ApplicableHeaderTradeSettlement/ram:SpecifiedTradeSettlementHeaderMonetarySummation/ram:RoundingAmount,Rounding amount,Rundungsbetrag (brutto)
BT-115,/rsm:CrossIndustryInvoice/rsm:SupplyChainTradeTransaction/ram:ApplicableHeaderTradeSettlement/ram:SpecifiedTradeSettlementHeaderMonetarySummation/ram:DuePayableAmount,Amount due for payment,Fälliger Betrag (brutto)
BT-118,/rsm:CrossIndustryInvoice/rsm:SupplyChainTradeTransaction/ram:ApplicableHeaderTradeSettlement/ram:ApplicableTradeTax/ram:CategoryCode,VAT category code,Umsatzsteuerkategorie
BT-116,/rsm:CrossIndustryInvoice/rsm:SupplyChainTradeTransaction/ram:ApplicableHeaderTradeSettlement/ram:ApplicableTradeTax/ram:BasisAmount,VAT category taxable amount,Gesamtsumme (netto)
BT-119,/rsm:CrossIndustryInvoice/rsm:SupplyChainTradeTransaction/ram:ApplicableHeaderTradeSettlement/ram:ApplicableTradeTax/ram:RateApplicablePercent,VAT category rate,Umsatzsteuersatz
BT-117,/rsm:CrossIndustryInvoice/rsm:SupplyChainTradeTransaction/ram:ApplicableHeaderTradeSettlement/ram:ApplicableTradeTax/ram:CalculatedAmount,VAT category tax amount,Umsatzsteuerbetrag
BT-120,/rsm:CrossIndustryInvoice/rsm:SupplyChainTradeTransaction/ram:ApplicableHeaderTradeSettlement/ram:ApplicableTradeTax/ram:ExemptionReason,VAT exemption reason text,Befreiungsgrund
BT-121,/rsm:CrossIndustryInvoice/rsm:SupplyChainTradeTransaction/ram:ApplicableHeaderTradeSettlement/ram:ApplicableTradeTax/ram:ExemptionReasonCode,VAT exemption reason code,Kennung für den Befreiungsgrund
BT-118,/rsm:CrossIndustryInvoice/rsm:SupplyChainTradeTransaction/ram:ApplicableHeaderTradeSettlement/ram:ApplicableTradeTax/ram:CategoryCode,VAT category code,Umsatzsteuerkategorie
BT-116,/rsm:CrossIndustryInvoice/rsm:SupplyChainTradeTransaction/ram:ApplicableHeaderTradeSettlement/ram:ApplicableTradeTax/ram:BasisAmount,VAT category taxable amount,Gesamtsumme (netto)
BT-119,/rsm:CrossIndustryInvoice/rsm:SupplyChainTradeTransaction/ram:ApplicableHeaderTradeSettlement/ram:ApplicableTradeTax/ram:RateApplicablePercent,VAT category rate,Umsatzsteuersatz
BT-117,/rsm:CrossIndustryInvoice/rsm:SupplyChainTradeTransaction/ram:ApplicableHeaderTradeSettlement/ram:ApplicableTradeTax/ram:CalculatedAmount,VAT category tax amount,Umsatzsteuerbetrag
BT-120,/rsm:CrossIndustryInvoice/rsm:SupplyChainTradeTransaction/ram:ApplicableHeaderTradeSettlement/ram:ApplicableTradeTax/ram:ExemptionReason,VAT exemption reason text,Befreiungsgrund
BT-121,/rsm:CrossIndustryInvoice/rsm:SupplyChainTradeTransaction/ram:ApplicableHeaderTradeSettlement/ram:ApplicableTradeTax/ram:ExemptionReasonCode,VAT exemption reason code,Kennung für den Befreiungsgrund
BT-95,/rsm:CrossIndustryInvoice/rsm:SupplyChainTradeTransaction/ram:ApplicableHeaderTradeSettlement/ram:SpecifiedTradeAllowanceCharge/ram:CategoryTradeTax/ram:CategoryCode,Document level allowance VAT category code,Umsatzsteuerkategorie des Nachlasses
BT-93,/rsm:CrossIndustryInvoice/rsm:SupplyChainTradeTransaction/ram:ApplicableHeaderTradeSettlement/ram:SpecifiedTradeAllowanceCharge/ram:BasisAmount,Document level allowance base amount,Grundbetrag (netto)
BT-94,/rsm:CrossIndustryInvoice/rsm:SupplyChainTradeTransaction/ram:ApplicableHeaderTradeSettlement/ram:SpecifiedTradeAllowanceCharge/ram:CalculationPercent,Document level allowance percentage,Prozentsatz
BT-92,/rsm:CrossIndustryInvoice/rsm:SupplyChainTradeTransaction/ram:ApplicableHeaderTradeSettlement/ram:SpecifiedTradeAllowanceCharge/ram:ActualAmount,Document level allowance amount,Nachlass (netto)
BT-96,/rsm:CrossIndustryInvoice/rsm:SupplyChainTradeTransaction/ram:ApplicableHeaderTradeSettlement/ram:SpecifiedTradeAllowanceCharge/ram:CategoryTradeTax/ram:RateApplicablePercent,Document level allowance VAT rate,Umsatzsteuersatz des Nachlasses
BT-97,/rsm:CrossIndustryInvoice/rsm:SupplyChainTradeTransaction/ram:ApplicableHeaderTradeSettlement/ram:SpecifiedTradeAllowanceCharge/ram:Reason,Document level allowance reason,Grund für den Nachlass
BT-98,/rsm:CrossIndustryInvoice/rsm:SupplyChainTradeTransaction/ram:ApplicableHeaderTradeSettlement/ram:SpecifiedTradeAllowanceCharge/ram:ReasonCode,Document level allowance reason code,Document level allowance reason code
BT-102,/rsm:CrossIndustryInvoice/rsm:SupplyChainTradeTransaction/ram:ApplicableHeaderTradeSettlement/ram:SpecifiedTradeAllowanceCharge/ram:CategoryTradeTax/ram:CategoryCode,Document level charge VAT category code,Umsatzsteuerkategorie des Zuschlages
BT-100,/rsm:CrossIndustryInvoice/rsm:SupplyChainTradeTransaction/ram:ApplicableHeaderTradeSettlement/ram:SpecifiedTradeAllowanceCharge/ram:BasisAmount,Document level charge base amount,Grundbetrag (netto)
BT-101,/rsm:CrossIndustryInvoice/rsm:SupplyChainTradeTransaction/ram:ApplicableHeaderTradeSettlement/ram:SpecifiedTradeAllowanceCharge/ram:CalculationPercent,Document level charge percentage,Prozentsatz
BT-99,/rsm:CrossIndustryInvoice/rsm:SupplyChainTradeTransaction/ram:ApplicableHeaderTradeSettlement/ram:SpecifiedTradeAllowanceCharge/ram:ActualAmount,Document level charge amount,Zuschlag (netto)
BT-103,/rsm:CrossIndustryInvoice/rsm:SupplyChainTradeTransaction/ram:ApplicableHeaderTradeSettlement/ram:SpecifiedTradeAllowanceCharge/ram:CategoryTradeTax/ram:RateApplicablePercent,Document level charge VAT rate,Umsatzsteuersatz des Zuschlages
BT-104,/rsm:CrossIndustryInvoice/rsm:SupplyChainTradeTransaction/ram:ApplicableHeaderTradeSettlement/ram:SpecifiedTradeAllowanceCharge/ram:Reason,Document level charge reason,Grund für den Zuschlage
BT-105,/rsm:CrossIndustryInvoice/rsm:SupplyChainTradeTransaction/ram:ApplicableHeaderTradeSettlement/ram:SpecifiedTradeAllowanceCharge/ram:ReasonCode,Document level charge reason code,Document level charge reason code
BT-20,/rsm:CrossIndustryInvoice/rsm:SupplyChainTradeTransaction/ram:ApplicableHeaderTradeSettlement/ram:SpecifiedTradePaymentTerms/ram:Description,Payment terms,Skonto; weitere Zahlungsbed.
BT-9,/rsm:CrossIndustryInvoice/rsm:SupplyChainTradeTransaction/ram:ApplicableHeaderTradeSettlement/ram:SpecifiedTradePaymentTerms/ram:DueDateDateTime/udt:DateTimeString,Payment due date,Fälligkeitsdatum
BT-81,/rsm:CrossIndustryInvoice/rsm:SupplyChainTradeTransaction/ram:ApplicableHeaderTradeSettlement/ram:SpecifiedTradeSettlementPaymentMeans/ram:TypeCode,Payment means type code,Code für das Zahlungsmittel
BT-82,/rsm:CrossIndustryInvoice/rsm:SupplyChainTradeTransaction/ram:ApplicableHeaderTradeSettlement/ram:SpecifiedTradeSettlementPaymentMeans/ram:Information,Payment means text,Zahlungsmittel
BT-83,/rsm:CrossIndustryInvoice/rsm:SupplyChainTradeTransaction/ram:ApplicableHeaderTradeSettlement/ram:PaymentReference,Remittance information,Verwendungszweck
BT-87,/rsm:CrossIndustryInvoice/rsm:SupplyChainTradeTransaction/ram:ApplicableHeaderTradeSettlement/ram:SpecifiedTradeSettlementPaymentMeans/ram:ApplicableTradeSettlementFinancialCard/ram:ID,Payment card primary account number,Kartennummer
BT-88,/rsm:CrossIndustryInvoice/rsm:SupplyChainTradeTransaction/ram:ApplicableHeaderTradeSettlement/ram:SpecifiedTradeSettlementPaymentMeans/ram:ApplicableTradeSettlementFinancialCard/ram:CardholderName,Payment card holder name,Karteninhaber
BT-89,/rsm:CrossIndustryInvoice/rsm:SupplyChainTradeTransaction/ram:ApplicableHeaderTradeSettlement/ram:SpecifiedTradePaymentTerms/ram:DirectDebitMandateID,Mandate reference identifier,Mandatsreferenznr.
BT-91,/rsm:CrossIndustryInvoice/rsm:SupplyChainTradeTransaction/ram:ApplicableHeaderTradeSettlement/ram:SpecifiedTradeSettlementPaymentMeans/ram:PayerPartyDebtorFinancialAccount/ram:IBANID,Debited account identifier,IBAN
BT-90,/rsm:CrossIndustryInvoice/rsm:SupplyChainTradeTransaction/ram:ApplicableHeaderTradeSettlement/ram:CreditorReferenceID,Bank assigned creditor identifier,Gläubiger-ID
BT-85,/rsm:CrossIndustryInvoice/rsm:SupplyChainTradeTransaction/ram:ApplicableHeaderTradeSettlement/ram:SpecifiedTradeSettlementPaymentMeans/ram:PayeePartyCreditorFinancialAccount/ram:AccountName,Payment account name,Kontoinhaber
BT-84,/rsm:CrossIndustryInvoice/rsm:SupplyChainTradeTransaction/ram:ApplicableHeaderTradeSettlement/ram:SpecifiedTradeSettlementPaymentMeans/ram:PayeePartyCreditorFinancialAccount/ram:IBANID,Payment account identifier,IBAN
BT-86,/rsm:CrossIndustryInvoice/rsm:SupplyChainTradeTransaction/ram:ApplicableHeaderTradeSettlement/ram:SpecifiedTradeSettlementPaymentMeans/ram:PayeeSpecifiedCreditorFinancialInstitution/ram:BICID,Payment service provider identifier,BIC
BT-21,/rsm:CrossIndustryInvoice/rsm:ExchangedDocument/ram:IncludedNote/ram:SubjectCode,Invoice note subject code,Betreff
BT-22,/rsm:CrossIndustryInvoice/rsm:ExchangedDocument/ram:IncludedNote/ram:Content,Invoice note,Bemerkung
BT-126,/rsm:CrossIndustryInvoice/rsm:SupplyChainTradeTransaction/ram:IncludedSupplyChainTradeLineItem/ram:AssociatedDocumentLineDocument/ram:LineID,Invoice line identifier,Bemerkung
BT-127,/rsm:CrossIndustryInvoice/rsm:SupplyChainTradeTransaction/ram:IncludedSupplyChainTradeLineItem/ram:AssociatedDocumentLineDocument/ram:IncludedNote/ram:Content,Invoice line note,Freitext
BT-128,/rsm:CrossIndustryInvoice/rsm:SupplyChainTradeTransaction/ram:IncludedSupplyChainTradeLineItem/ram:SpecifiedLineTradeSettlement/ram:AdditionalReferencedDocument/ram:IssuerAssignedID,Invoice line object identifier,Objektkennung
BT-128-scheme-id,,,Schema der Objektkennung
BT-132,/rsm:CrossIndustryInvoice/rsm:SupplyChainTradeTransaction/ram:IncludedSupplyChainTradeLineItem/ram:SpecifiedLineTradeAgreement/ram:BuyerOrderReferencedDocument/ram:LineID,Referenced purchase order line reference,Nummer der Auftragsposition
BT-133,/rsm:CrossIndustryInvoice/rsm:SupplyChainTradeTransaction/ram:IncludedSupplyChainTradeLineItem/ram:SpecifiedLineTradeSettlement/ram:ReceivableSpecifiedTradeAccountingAccount/ram:ID,Invoice line Buyer accounting reference,Kontierungshinweis /Kostenstelle
BT-134,/rsm:CrossIndustryInvoice/rsm:SupplyChainTradeTransaction/ram:IncludedSupplyChainTradeLineItem/ram:SpecifiedLineTradeSettlement/ram:BillingSpecifiedPeriod/ram:StartDateTime/udt:DateTimeString,Invoice line period start date,von
BT-135,/rsm:CrossIndustryInvoice/rsm:SupplyChainTradeTransaction/ram:IncludedSupplyChainTradeLineItem/ram:SpecifiedLineTradeSettlement/ram:BillingSpecifiedPeriod/ram:EndDateTime/udt:DateTimeString,Invoice line period end date,bis
BT-129,/rsm:CrossIndustryInvoice/rsm:SupplyChainTradeTransaction/ram:IncludedSupplyChainTradeLineItem/ram:SpecifiedLineTradeDelivery/ram:BilledQuantity,Invoiced quantity,Menge
BT-130,/rsm:CrossIndustryInvoice/rsm:SupplyChainTradeTransaction/ram:IncludedSupplyChainTradeLineItem/ram:SpecifiedLineTradeDelivery/ram:BilledQuantity/@unitCode,Invoiced quantity unit of measure,Einheit
BT-146,/rsm:CrossIndustryInvoice/rsm:SupplyChainTradeTransaction/ram:IncludedSupplyChainTradeLineItem/ram:SpecifiedLineTradeAgreement/ram:NetPriceProductTradePrice/ram:ChargeAmount,Item net price,Preis pro Einheit (netto)
BT-131,/rsm:CrossIndustryInvoice/rsm:SupplyChainTradeTransaction/ram:IncludedSupplyChainTradeLineItem/ram:SpecifiedLineTradeSettlement/ram:SpecifiedTradeSettlementLineMonetarySummation/ram:LineTotalAmount,Invoice line net amount,Gesamtpreis (netto)
BT-147,/rsm:CrossIndustryInvoice/rsm:SupplyChainTradeTransaction/ram:IncludedSupplyChainTradeLineItem/ram:SpecifiedLineTradeAgreement/ram:GrossPriceProductTradePrice/ram:AppliedTradeAllowanceCharge/ram:ActualAmount,Item price discount,Rabatt (netto)
BT-148,/rsm:CrossIndustryInvoice/rsm:SupplyChainTradeTransaction/ram:IncludedSupplyChainTradeLineItem/ram:SpecifiedLineTradeAgreement/ram:GrossPriceProductTradePrice/ram:ChargeAmount,Item gross price,Listenpreis (netto)
BT-149,/rsm:CrossIndustryInvoice/rsm:SupplyChainTradeTransaction/ram:IncludedSupplyChainTradeLineItem/ram:SpecifiedLineTradeAgreement/ram:NetPriceProductTradePrice/ram:BasisQuantity,Item price base quantity,Anzahl der Einheit
BT-150,/rsm:CrossIndustryInvoice/rsm:SupplyChainTradeTransaction/ram:IncludedSupplyChainTradeLineItem/ram:SpecifiedLineTradeAgreement/ram:NetPriceProductTradePrice/ram:BasisQuantity/@unitCode,Item price base quantity unit of measure code,Code der Maßeinheit
BT-151,/rsm:CrossIndustryInvoice/rsm:SupplyChainTradeTransaction/ram:IncludedSupplyChainTradeLineItem/ram:SpecifiedLineTradeSettlement/ram:ApplicableTradeTax/ram:CategoryCode,Invoiced item VAT category code,Umsatzsteuer
BT-152,/rsm:CrossIndustryInvoice/rsm:SupplyChainTradeTransaction/ram:IncludedSupplyChainTradeLineItem/ram:SpecifiedLineTradeSettlement/ram:ApplicableTradeTax/ram:RateApplicablePercent,Invoiced item VAT rate,Umsatzsteuersatz in %
BT-137,/rsm:CrossIndustryInvoice/rsm:SupplyChainTradeTransaction/ram:IncludedSupplyChainTradeLineItem/ram:SpecifiedLineTradeSettlement/ram:SpecifiedTradeAllowanceCharge/ram:BasisAmount,Invoice line allowance base amount,Grundbetrag (netto)
BT-138,/rsm:CrossIndustryInvoice/rsm:SupplyChainTradeTransaction/ram:IncludedSupplyChainTradeLineItem/ram:SpecifiedLineTradeSettlement/ram:SpecifiedTradeAllowanceCharge/ram:CalculationPercent,Invoice line allowance percentage,Prozentsatz
BT-136,/rsm:CrossIndustryInvoice/rsm:SupplyChainTradeTransaction/ram:IncludedSupplyChainTradeLineItem/ram:SpecifiedLineTradeSettlement/ram:SpecifiedTradeAllowanceCharge/ram:ActualAmount,Invoice line allowance amount,Nachlass
BT-139,/rsm:CrossIndustryInvoice/rsm:SupplyChainTradeTransaction/ram:IncludedSupplyChainTradeLineItem/ram:SpecifiedLineTradeSettlement/ram:SpecifiedTradeAllowanceCharge/ram:Reason,Invoice line allowance reason,Grund des Nachlasses
BT-140,/rsm:CrossIndustryInvoice/rsm:SupplyChainTradeTransaction/ram:IncludedSupplyChainTradeLineItem/ram:SpecifiedLineTradeSettlement/ram:SpecifiedTradeAllowanceCharge/ram:ReasonCode,Invoice line allowance reason code,Code für den Nachlassgrund
BT-142,/rsm:CrossIndustryInvoice/rsm:SupplyChainTradeTransaction/ram:IncludedSupplyChainTradeLineItem/ram:SpecifiedLineTradeSettlement/ram:SpecifiedTradeAllowanceCharge/ram:BasisAmount,Invoice line charge base amount,Grundbetrag (netto)
BT-143,/rsm:CrossIndustryInvoice/rsm:SupplyChainTradeTransaction/ram:IncludedSupplyChainTradeLineItem/ram:SpecifiedLineTradeSettlement/ram:SpecifiedTradeAllowanceCharge/ram:CalculationPercent,Invoice line charge percentage,Prozentsatz
BT-141,/rsm:CrossIndustryInvoice/rsm:SupplyChainTradeTransaction/ram:IncludedSupplyChainTradeLineItem/ram:SpecifiedLineTradeSettlement/ram:SpecifiedTradeAllowanceCharge/ram:ActualAmount,Invoice line charge amount,Zuschlag
BT-144,/rsm:CrossIndustryInvoice/rsm:SupplyChainTradeTransaction/ram:IncludedSupplyChainTradeLineItem/ram:SpecifiedLineTradeSettlement/ram:SpecifiedTradeAllowanceCharge/ram:Reason,Invoice line charge reason,Grund des Zuschlags
BT-145,/rsm:CrossIndustryInvoice/rsm:SupplyChainTradeTransaction/ram:IncludedSupplyChainTradeLineItem/ram:SpecifiedLineTradeSettlement/ram:SpecifiedTradeAllowanceCharge/ram:ReasonCode,Invoice line charge reason code,Code für den Zuschlagsgrund
BT-153,/rsm:CrossIndustryInvoice/rsm:SupplyChainTradeTransaction/ram:IncludedSupplyChainTradeLineItem/ram:SpecifiedTradeProduct/ram:Name,Item name,Bezeichnung
BT-154,/rsm:CrossIndustryInvoice/rsm:SupplyChainTradeTransaction/ram:IncludedSupplyChainTradeLineItem/ram:SpecifiedTradeProduct/ram:Description,Item description,Beschreibung
BT-155,/rsm:CrossIndustryInvoice/rsm:SupplyChainTradeTransaction/ram:IncludedSupplyChainTradeLineItem/ram:SpecifiedTradeProduct/ram:SellerAssignedID,Item Seller's identifier,Artikelnummer
BT-156,/rsm:CrossIndustryInvoice/rsm:SupplyChainTradeTransaction/ram:IncludedSupplyChainTradeLineItem/ram:SpecifiedTradeProduct/ram:BuyerAssignedID,Item Buyer's identifier,Kunden-Material-Nr.
BT-160,/rsm:CrossIndustryInvoice/rsm:SupplyChainTradeTransaction/ram:IncludedSupplyChainTradeLineItem/ram:SpecifiedTradeProduct/ram:ApplicableProductCharacteristic/ram:Description,Item attribute name,Color
BT-161,/rsm:CrossIndustryInvoice/rsm:SupplyChainTradeTransaction/ram:IncludedSupplyChainTradeLineItem/ram:SpecifiedTradeProduct/ram:ApplicableProductCharacteristic/ram:Value,Item attribute value,Color
BT-157,/rsm:CrossIndustryInvoice/rsm:SupplyChainTradeTransaction/ram:IncludedSupplyChainTradeLineItem/ram:SpecifiedTradeProduct/ram:GlobalID,Item standard identifier,Artikelkennung (EAN)
BT-157-scheme-id,,,Schema der Artikelkennung
BT-158,/rsm:CrossIndustryInvoice/rsm:SupplyChainTradeTransaction/ram:IncludedSupplyChainTradeLineItem/ram:SpecifiedTradeProduct/ram:DesignatedProductClassification/ram:ClassCode,Item classification identifier,Code der Artikelklassifizierung
BT-158-scheme-id,,,Kennung zur Bildung des Schemas
BT-158-scheme-version-id,,,Version zur Bildung des Schemas
BT-159,/rsm:CrossIndustryInvoice/rsm:SupplyChainTradeTransaction/ram:IncludedSupplyChainTradeLineItem/ram:SpecifiedTradeProduct/ram:OriginTradeCountry/ram:ID,Item country of origin,Code des Herkunftslandes
BT-28,/rsm:CrossIndustryInvoice/rsm:SupplyChainTradeTransaction/ram:ApplicableHeaderTradeAgreement/ram:SellerTradeParty/ram:SpecifiedLegalOrganization/ram:TradingBusinessName,Seller trading name,Abweichender Handelsname
BT-39,/rsm:CrossIndustryInvoice/rsm:SupplyChainTradeTransaction/ram:ApplicableHeaderTradeAgreement/ram:SellerTradeParty/ram:PostalTradeAddress/ram:CountrySubDivisionName,Seller country subdivision,Bundesland
BT-34,/rsm:CrossIndustryInvoice/rsm:SupplyChainTradeTransaction/ram:ApplicableHeaderTradeAgreement/ram:SellerTradeParty/ram:URIUniversalCommunication/ram:URIID,Seller electronic address,Elektronische Adresse
BT-34-scheme-id,,,Schema der elektronischen Adresse
BT-30,/rsm:CrossIndustryInvoice/rsm:SupplyChainTradeTransaction/ram:ApplicableHeaderTradeAgreement/ram:SellerTradeParty/ram:SpecifiedLegalOrganization/ram:ID,Seller legal registration identifier,Register-/Registriernummer
BT-31,/rsm:CrossIndustryInvoice/rsm:SupplyChainTradeTransaction/ram:ApplicableHeaderTradeAgreement/ram:SellerTradeParty/ram:SpecifiedTaxRegistration/ram:ID,Seller VAT identifier,Umsatzsteuer-ID
BT-32,/rsm:CrossIndustryInvoice/rsm:SupplyChainTradeTransaction/ram:ApplicableHeaderTradeAgreement/ram:SellerTradeParty/ram:SpecifiedTaxRegistration/ram:ID,Seller tax registration identifier,Steuernummer
BT-32-scheme,,,Schema der Steuernummer
BT-33,/rsm:CrossIndustryInvoice/rsm:SupplyChainTradeTransaction/ram:ApplicableHeaderTradeAgreement/ram:SellerTradeParty/ram:Description,Seller additional legal information,Weitere rechtliche Informationen
BT-6,/rsm:CrossIndustryInvoice/rsm:SupplyChainTradeTransaction/ram:ApplicableHeaderTradeSettlement/ram:TaxCurrencyCode,VAT accounting currency code,Code der Umsatzsteuerwährung
BT-62,/rsm:CrossIndustryInvoice/rsm:SupplyChainTradeTransaction/ram:ApplicableHeaderTradeAgreement/ram:SellerTaxRepresentativeTradeParty/ram:Name,Buyer tax representative name,Name
BT-64,/rsm:CrossIndustryInvoice/rsm:SupplyChainTradeTransaction/ram:ApplicableHeaderTradeAgreement/ram:SellerTaxRepresentativeTradeParty/ram:PostalTradeAddress/ram:LineOne,Tax representative address line 1,Straße / Hausnummer
BT-65,/rsm:CrossIndustryInvoice/rsm:SupplyChainTradeTransaction/ram:ApplicableHeaderTradeAgreement/ram:SellerTaxRepresentativeTradeParty/ram:PostalTradeAddress/ram:LineTwo,Tax representative address line 2,Postfach
BT-164,/rsm:CrossIndustryInvoice/rsm:SupplyChainTradeTransaction/ram:ApplicableHeaderTradeAgreement/ram:SellerTaxRepresentativeTradeParty/ram:PostalTradeAddress/ram:LineThree,Tax representative address line 3,Adresszusatz
BT-67,/rsm:CrossIndustryInvoice/rsm:SupplyChainTradeTransaction/ram:ApplicableHeaderTradeAgreement/ram:SellerTaxRepresentativeTradeParty/ram:PostalTradeAddress/ram:PostcodeCode,Tax representative post code,PLZ
BT-66,/rsm:CrossIndustryInvoice/rsm:SupplyChainTradeTransaction/ram:ApplicableHeaderTradeAgreement/ram:SellerTaxRepresentativeTradeParty/ram:PostalTradeAddress/ram:CityName,Tax representative city,Ort
BT-68,/rsm:CrossIndustryInvoice/rsm:SupplyChainTradeTransaction/ram:ApplicableHeaderTradeAgreement/ram:SellerTaxRepresentativeTradeParty/ram:PostalTradeAddress/ram:CountrySubDivisionName,Tax representative country subdivision,Bundesland
BT-69,/rsm:CrossIndustryInvoice/rsm:SupplyChainTradeTransaction/ram:ApplicableHeaderTradeAgreement/ram:SellerTaxRepresentativeTradeParty/ram:PostalTradeAddress/ram:CountryID,Tax representative country code,Ländercode
BT-63,/rsm:CrossIndustryInvoice/rsm:SupplyChainTradeTransaction/ram:ApplicableHeaderTradeAgreement/ram:SellerTaxRepresentativeTradeParty/ram:SpecifiedTaxRegistration/ram:ID,Seller tax representative VAT identifier,Umsatzsteuer-ID
BT-45,/rsm:CrossIndustryInvoice/rsm:SupplyChainTradeTransaction/ram:ApplicableHeaderTradeAgreement/ram:BuyerTradeParty/ram:SpecifiedLegalOrganization/ram:TradingBusinessName,Buyer trading name,Abweichender Handelsname
BT-54,/rsm:CrossIndustryInvoice/rsm:SupplyChainTradeTransaction/ram:ApplicableHeaderTradeAgreement/ram:BuyerTradeParty/ram:PostalTradeAddress/ram:CountrySubDivisionName,Buyer country subdivision,Bundesland
BT-49,/rsm:CrossIndustryInvoice/rsm:SupplyChainTradeTransaction/ram:ApplicableHeaderTradeAgreement/ram:BuyerTradeParty/ram:URIUniversalCommunication/ram:URIID,Buyer electronic address,Elektronische Adresse
BT-49-scheme-id,,,Schema der elektronischen Adresse
BT-47,/rsm:CrossIndustryInvoice/rsm:SupplyChainTradeTransaction/ram:ApplicableHeaderTradeAgreement/ram:BuyerTradeParty/ram:SpecifiedLegalOrganization/ram:ID,Buyer legal registration identifier,Register-/Registriernummer
BT-47-scheme-id,,,Schema der Register-/Registriernummer
BT-48,/rsm:CrossIndustryInvoice/rsm:SupplyChainTradeTransaction/ram:ApplicableHeaderTradeAgreement/ram:BuyerTradeParty/ram:SpecifiedTaxRegistration/ram:ID,Buyer VAT identifier,Umsatzsteuer-ID
BT-7,/rsm:CrossIndustryInvoice/rsm:SupplyChainTradeTransaction/ram:ApplicableHeaderTradeSettlement/ram:ApplicableTradeTax/ram:TaxPointDate/udt:DateString,Value added tax point date,Abrechnungsdatum der Umsatzsteuer
BT-8,/rsm:CrossIndustryInvoice/rsm:SupplyChainTradeTransaction/ram:ApplicableHeaderTradeSettlement/ram:ApplicableTradeTax/ram:DueDateTypeCode,Value added tax point date code,Code des Umsatzsteuer-Abrechnungsdatums
BT-19,/rsm:CrossIndustryInvoice/rsm:SupplyChainTradeTransaction/ram:ApplicableHeaderTradeSettlement/ram:ReceivableSpecifiedTradeAccountingAccount/ram:ID,Buyer accounting reference,Kontierungsinformation / Kostenstelle
BT-71,/rsm:CrossIndustryInvoice/rsm:SupplyChainTradeTransaction/ram:ApplicableHeaderTradeDelivery/ram:ShipToTradeParty/ram:ID,Deliver to location identifier,Kennung des Lieferorts
BT-71-scheme-id,,,Schema der Kennung
BT-72,/rsm:CrossIndustryInvoice/rsm:SupplyChainTradeTransaction/ram:ApplicableHeaderTradeDelivery/ram:ActualDeliverySupplyChainEvent/ram:OccurrenceDateTime/udt:DateTimeString,Actual delivery date,Lieferdatum
BT-70,/rsm:CrossIndustryInvoice/rsm:SupplyChainTradeTransaction/ram:ApplicableHeaderTradeDelivery/ram:ShipToTradeParty/ram:Name,Deliver to party name,Name des Empfängers
BT-75,/rsm:CrossIndustryInvoice/rsm:SupplyChainTradeTransaction/ram:ApplicableHeaderTradeDelivery/ram:ShipToTradeParty/ram:PostalTradeAddress/ram:LineOne,Deliver to address line 1,Straße / Haus-Nr.
BT-76,/rsm:CrossIndustryInvoice/rsm:SupplyChainTradeTransaction/ram:ApplicableHeaderTradeDelivery/ram:ShipToTradeParty/ram:PostalTradeAddress/ram:LineTwo,Deliver to address line 2,Postfach
BT-165,/rsm:CrossIndustryInvoice/rsm:SupplyChainTradeTransaction/ram:ApplicableHeaderTradeDelivery/ram:ShipToTradeParty/ram:PostalTradeAddress/ram:LineThree,Deliver to address line 3,Adresszusatz
BT-78,/rsm:CrossIndustryInvoice/rsm:SupplyChainTradeTransaction/ram:ApplicableHeaderTradeDelivery/ram:ShipToTradeParty/ram:PostalTradeAddress/ram:PostcodeCode,Deliver to post code,PLZ
BT-77,/rsm:CrossIndustryInvoice/rsm:SupplyChainTradeTransaction/ram:ApplicableHeaderTradeDelivery/ram:ShipToTradeParty/ram:PostalTradeAddress/ram:CityName,Deliver to city,Ort
BT-79,/rsm:CrossIndustryInvoice/rsm:SupplyChainTradeTransaction/ram:ApplicableHeaderTradeDelivery/ram:ShipToTradeParty/ram:PostalTradeAddress/ram:CountrySubDivisionName,Deliver to country subdivision,Bundesland
BT-80,/rsm:CrossIndustryInvoice/rsm:SupplyChainTradeTransaction/ram:ApplicableHeaderTradeDelivery/ram:ShipToTradeParty/ram:PostalTradeAddress/ram:CountryID,Deliver to country code,Land
BT-17,/rsm:CrossIndustryInvoice/rsm:SupplyChainTradeTransaction/ram:ApplicableHeaderTradeAgreement/ram:AdditionalReferencedDocument/ram:IssuerAssignedID,Tender or lot reference,Vergabenummer
BT-15,/rsm:CrossIndustryInvoice/rsm:SupplyChainTradeTransaction/ram:ApplicableHeaderTradeDelivery/ram:ReceivingAdviceReferencedDocument/ram:IssuerAssignedID,Receiving advice reference,Kennung der Empfangsbestätigung
BT-16,/rsm:CrossIndustryInvoice/rsm:SupplyChainTradeTransaction/ram:ApplicableHeaderTradeDelivery/ram:DespatchAdviceReferencedDocument/ram:IssuerAssignedID,Despatch advice reference,Kennung der Versandanzeige
BT-23,/rsm:CrossIndustryInvoice/rsm:ExchangedDocumentContext/ram:BusinessProcessSpecifiedDocumentContextParameter/ram:ID,Business process type,Prozesskennung
BT-24,/rsm:CrossIndustryInvoice/rsm:ExchangedDocumentContext/ram:GuidelineSpecifiedDocumentContextParameter/ram:ID,Specification identifier,Spezifikationskennung
BT-18,/rsm:CrossIndustryInvoice/rsm:SupplyChainTradeTransaction/ram:ApplicableHeaderTradeAgreement/ram:AdditionalReferencedDocument/ram:IssuerAssignedID,Invoiced object identifier,Objektkennung
BT-18-scheme-id,,,Schema der Objektkennung
BT-59,/rsm:CrossIndustryInvoice/rsm:SupplyChainTradeTransaction/ram:ApplicableHeaderTradeSettlement/ram:PayeeTradeParty/ram:Name,Payee name,Name
BT-60,/rsm:CrossIndustryInvoice/rsm:SupplyChainTradeTransaction/ram:ApplicableHeaderTradeSettlement/ram:PayeeTradeParty/ram:ID,Payee identifier,Kennung
BT-60-scheme-id,,,Schema der Kennung
BT-61,/rsm:CrossIndustryInvoice/rsm:SupplyChainTradeTransaction/ram:ApplicableHeaderTradeSettlement/ram:PayeeTradeParty/ram:SpecifiedLegalOrganization/ram:ID,Payee legal registration identifier Scheme identifier,Register-/Registriernummer
BT-61-scheme-id,,,Schema der Register-/Registriernummer
BT-122,/rsm:CrossIndustryInvoice/rsm:SupplyChainTradeTransaction/ram:ApplicableHeaderTradeAgreement/ram:AdditionalReferencedDocument/ram:IssuerAssignedID,Supporting document reference,Kennung
BT-123,/rsm:CrossIndustryInvoice/rsm:SupplyChainTradeTransaction/ram:ApplicableHeaderTradeAgreement/ram:AdditionalReferencedDocument/ram:Name,Supporting document description,Beschreibung
BT-124,/rsm:CrossIndustryInvoice/rsm:SupplyChainTradeTransaction/ram:ApplicableHeaderTradeAgreement/ram:AdditionalReferencedDocument/ram:URIID,External document location,Verweis (z.B. Internetadresse)
BT-125,/rsm:CrossIndustryInvoice/rsm:SupplyChainTradeTransaction/ram:ApplicableHeaderTradeAgreement/ram:AdditionalReferencedDocument/ram:AttachmentBinaryObject,Attached document,Anhangsdokument
BT-125,/rsm:CrossIndustryInvoice/rsm:SupplyChainTradeTransaction/ram:ApplicableHeaderTradeAgreement/ram:AdditionalReferencedDocument/ram:AttachmentBinaryObject,Attached document,Format des Anhangdokuments
BT-125,/rsm:CrossIndustryInvoice/rsm:SupplyChainTradeTransaction/ram:ApplicableHeaderTradeAgreement/ram:AdditionalReferencedDocument/ram:AttachmentBinaryObject,Attached document,Name des Anhangsdokuments
